Title,Link,Image URL
1992,https://www.sensacine.com/series/serie-34448/video-20612358/,https://es.web.img3.acsta.net/c_310_420/pictures/23/07/10/14/24/5607281.jpg
Ley y orden: Unidad de víctimas especiales,https://www.sensacine.com/series/serie-74/video-19559700/,https://es.web.img2.acsta.net/c_310_420/pictures/14/02/07/12/04/285360.jpg
Élite,https://www.sensacine.com/series/serie-22373/video-19559650/,"data:image/gif;base64,R0lGODlhAwAEAIAAAAAAAAAAACH5BAEAAAAALAAAAAADAAQAAAIDhI9WADs="
Peaky Blinders,https://www.sensacine.com/series/serie-11303/video-19534849/,"data:image/gif;base64,R0lGODlhAwAEAIAAAAAAAAAAACH5BAEAAAAALAAAAAADAAQAAAIDhI9WADs="
Crimen en el paraíso,https://www.sensacine.com/series/serie-9247/video-19361062/,"data:image/gif;base64,R0lGODlhAwAEAIAAAAAAAAAAACH5BAEAAAAALAAAAAADAAQAAAIDhI9WADs="
True Detective,https://www.sensacine.com/series/serie-11058/video-19552540/,"data:image/gif;base64,R0lGODlhAwAEAIAAAAAAAAAAACH5BAEAAAAALAAAAAADAAQAAAIDhI9WADs="
Chicago PD,https://www.sensacine.com/series/serie-12091/video-19556266/,"data:image/gif;base64,R0lGODlhAwAEAIAAAAAAAAAAACH5BAEAAAAALAAAAAADAAQAAAIDhI9WADs="
Mentes criminales,https://www.sensacine.com/series/serie-443/video-19564112/,"data:image/gif;base64,R0lGODlhAwAEAIAAAAAAAAAAACH5BAEAAAAALAAAAAADAAQAAAIDhI9WADs="
The Rookie,https://www.sensacine.com/series/serie-22917/video-19560048/,"data:image/gif;base64,R0lGODlhAwAEAIAAAAAAAAAAACH5BAEAAAAALAAAAAADAAQAAAIDhI9WADs="
El Marginal,https://www.sensacine.com/series/serie-20458/video-19552773/,"data:image/gif;base64,R0lGODlhAwAEAIAAAAAAAAAAACH5BAEAAAAALAAAAAADAAQAAAIDhI9WADs="
S.W.A.T. Los hombres de Harrelson,https://www.sensacine.com/series/serie-21058/video-19553836/,"data:image/gif;base64,R0lGODlhAwAEAIAAAAAAAAAAACH5BAEAAAAALAAAAAADAAQAAAIDhI9WADs="
NAVY: Investigación criminal,https://www.sensacine.com/series/serie-133/video-19563022/,"data:image/gif;base64,R0lGODlhAwAEAIAAAAAAAAAAACH5BAEAAAAALAAAAAADAAQAAAIDhI9WADs="
Blue Bloods (Familia de policías),https://www.sensacine.com/series/serie-8209/video-19206434/,"data:image/gif;base64,R0lGODlhAwAEAIAAAAAAAAAAACH5BAEAAAAALAAAAAADAAQAAAIDhI9WADs="
Reacher,https://www.sensacine.com/series/serie-25364/video-19569243/,"data:image/gif;base64,R0lGODlhAwAEAIAAAAAAAAAAACH5BAEAAAAALAAAAAADAAQAAAIDhI9WADs="
El Mentalista,https://www.sensacine.com/series/serie-3905/video-19337988/,"data:image/gif;base64,R0lGODlhAwAEAIAAAAAAAAAAACH5BAEAAAAALAAAAAADAAQAAAIDhI9WADs="
Peaky Blinders,https://www.sensacine.com/series/serie-11303/,"data:image/gif;base64,R0lGODlhAwAEAIAAAAAAAAAAACH5BAEAAAAALAAAAAADAAQAAAIDhI9WADs="
Hijos de la anarquía,https://www.sensacine.com/series/serie-3859/,"data:image/gif;base64,R0lGODlhAwAEAIAAAAAAAAAAACH5BAEAAAAALAAAAAADAAQAAAIDhI9WADs="
The Wire,https://www.sensacine.com/series/serie-30/,"data:image/gif;base64,R0lGODlhAwAEAIAAAAAAAAAAACH5BAEAAAAALAAAAAADAAQAAAIDhI9WADs="
Sherlock,https://www.sensacine.com/series/serie-4528/,"data:image/gif;base64,R0lGODlhAwAEAIAAAAAAAAAAACH5BAEAAAAALAAAAAADAAQAAAIDhI9WADs="
Better Call Saul,https://www.sensacine.com/series/serie-16950/,"data:image/gif;base64,R0lGODlhAwAEAIAAAAAAAAAAACH5BAEAAAAALAAAAAADAAQAAAIDhI9WADs="
Lucifer,https://www.sensacine.com/series/serie-18145/,"data:image/gif;base64,R0lGODlhAwAEAIAAAAAAAAAAACH5BAEAAAAALAAAAAADAAQAAAIDhI9WADs="
El caballero de los Siete Reinos,https://www.sensacine.com/series/serie-28230/,"data:image/gif;base64,R0lGODlhAwAEAIAAAAAAAAAAACH5BAEAAAAALAAAAAADAAQAAAIDhI9WADs="
Alien: Planeta Tierra,https://www.sensacine.com/series/serie-27910/,"data:image/gif;base64,R0lGODlhAwAEAIAAAAAAAAAAACH5BAEAAAAALAAAAAADAAQAAAIDhI9WADs="
Dexter: Resurrection,https://www.sensacine.com/series/serie-37286/,"data:image/gif;base64,R0lGODlhAwAEAIAAAAAAAAAAACH5BAEAAAAALAAAAAADAAQAAAIDhI9WADs="
The Dark Tower,https://www.sensacine.com/series/serie-9771/,"data:image/gif;base64,R0lGODlhAwAEAIAAAAAAAAAAACH5BAEAAAAALAAAAAADAAQAAAIDhI9WADs="
Suits: L.A.,https://www.sensacine.com/series/serie-35365/,"data:image/gif;base64,R0lGODlhAwAEAIAAAAAAAAAAACH5BAEAAAAALAAAAAADAAQAAAIDhI9WADs="
The Big Bang Theory Spin-off,https://www.sensacine.com/series/serie-34377/,"data:image/gif;base64,R0lGODlhAwAEAIAAAAAAAAAAACH5BAEAAAAALAAAAAADAAQAAAIDhI9WADs="
Machos Alfa,https://www.sensacine.com/series/serie-31439/,"data:image/gif;base64,R0lGODlhAwAEAIAAAAAAAAAAACH5BAEAAAAALAAAAAADAAQAAAIDhI9WADs="
El juego del calamar,https://www.sensacine.com/series/serie-29898/,"data:image/gif;base64,R0lGODlhAwAEAIAAAAAAAAAAACH5BAEAAAAALAAAAAADAAQAAAIDhI9WADs="
La que se avecina,https://www.sensacine.com/series/serie-5502/,"data:image/gif;base64,R0lGODlhAwAEAIAAAAAAAAAAACH5BAEAAAAALAAAAAADAAQAAAIDhI9WADs="
Alice in Borderland,https://www.sensacine.com/series/serie-27439/,"data:image/gif;base64,R0lGODlhAwAEAIAAAAAAAAAAACH5BAEAAAAALAAAAAADAAQAAAIDhI9WADs="
The Wire,https://www.sensacine.com/series/serie-30/video-19552525/,https://es.web.img3.acsta.net/c_310_420/medias/nmedia/18/82/01/05/20042801.jpg
Narcos,https://www.sensacine.com/series/serie-17010/video-19545423/,https://es.web.img3.acsta.net/c_310_420/pictures/15/07/29/14/33/086520.jpg
CSI: Miami,https://www.sensacine.com/series/serie-24/,"data:image/gif;base64,R0lGODlhAwAEAIAAAAAAAAAAACH5BAEAAAAALAAAAAADAAQAAAIDhI9WADs="
Hijos de la anarquía,https://www.sensacine.com/series/serie-3859/video-19538969/,"data:image/gif;base64,R0lGODlhAwAEAIAAAAAAAAAAACH5BAEAAAAALAAAAAADAAQAAAIDhI9WADs="
CSI: Las Vegas,https://www.sensacine.com/series/serie-82/,"data:image/gif;base64,R0lGODlhAwAEAIAAAAAAAAAAACH5BAEAAAAALAAAAAADAAQAAAIDhI9WADs="
Lucifer,https://www.sensacine.com/series/serie-18145/video-19551568/,"data:image/gif;base64,R0lGODlhAwAEAIAAAAAAAAAAACH5BAEAAAAALAAAAAADAAQAAAIDhI9WADs="
Bright Minds,https://www.sensacine.com/series/serie-24967/video-19573977/,"data:image/gif;base64,R0lGODlhAwAEAIAAAAAAAAAAACH5BAEAAAAALAAAAAADAAQAAAIDhI9WADs="
El Cartel de los Sapos - El Origen,https://www.sensacine.com/series/serie-29608/,"data:image/gif;base64,R0lGODlhAwAEAIAAAAAAAAAAACH5BAEAAAAALAAAAAADAAQAAAIDhI9WADs="
Fargo (2014),https://www.sensacine.com/series/serie-11042/video-19552962/,"data:image/gif;base64,R0lGODlhAwAEAIAAAAAAAAAAACH5BAEAAAAALAAAAAADAAQAAAIDhI9WADs="
Asalto al Banco Central,https://www.sensacine.com/series/serie-35354/video-20610591/,"data:image/gif;base64,R0lGODlhAwAEAIAAAAAAAAAAACH5BAEAAAAALAAAAAADAAQAAAIDhI9WADs="
Hawai 5.0,https://www.sensacine.com/series/serie-8082/video-19407032/,"data:image/gif;base64,R0lGODlhAwAEAIAAAAAAAAAAACH5BAEAAAAALAAAAAADAAQAAAIDhI9WADs="
Solo Asesinatos En El Edificio,https://www.sensacine.com/series/serie-27127/video-19567917/,"data:image/gif;base64,R0lGODlhAwAEAIAAAAAAAAAAACH5BAEAAAAALAAAAAADAAQAAAIDhI9WADs="
Narcos: Mexico,https://www.sensacine.com/series/serie-23864/video-19560324/,"data:image/gif;base64,R0lGODlhAwAEAIAAAAAAAAAAACH5BAEAAAAALAAAAAADAAQAAAIDhI9WADs="
Better Call Saul,https://www.sensacine.com/series/serie-16950/video-19539550/,"data:image/gif;base64,R0lGODlhAwAEAIAAAAAAAAAAACH5BAEAAAAALAAAAAADAAQAAAIDhI9WADs="
Bones,https://www.sensacine.com/series/serie-452/video-19538863/,"data:image/gif;base64,R0lGODlhAwAEAIAAAAAAAAAAACH5BAEAAAAALAAAAAADAAQAAAIDhI9WADs="
Peaky Blinders,https://www.sensacine.com/series/serie-11303/,"data:image/gif;base64,R0lGODlhAwAEAIAAAAAAAAAAACH5BAEAAAAALAAAAAADAAQAAAIDhI9WADs="
Hijos de la anarquía,https://www.sensacine.com/series/serie-3859/,"data:image/gif;base64,R0lGODlhAwAEAIAAAAAAAAAAACH5BAEAAAAALAAAAAADAAQAAAIDhI9WADs="
The Wire,https://www.sensacine.com/series/serie-30/,"data:image/gif;base64,R0lGODlhAwAEAIAAAAAAAAAAACH5BAEAAAAALAAAAAADAAQAAAIDhI9WADs="
Sherlock,https://www.sensacine.com/series/serie-4528/,"data:image/gif;base64,R0lGODlhAwAEAIAAAAAAAAAAACH5BAEAAAAALAAAAAADAAQAAAIDhI9WADs="
Better Call Saul,https://www.sensacine.com/series/serie-16950/,"data:image/gif;base64,R0lGODlhAwAEAIAAAAAAAAAAACH5BAEAAAAALAAAAAADAAQAAAIDhI9WADs="
Lucifer,https://www.sensacine.com/series/serie-18145/,"data:image/gif;base64,R0lGODlhAwAEAIAAAAAAAAAAACH5BAEAAAAALAAAAAADAAQAAAIDhI9WADs="
El caballero de los Siete Reinos,https://www.sensacine.com/series/serie-28230/,"data:image/gif;base64,R0lGODlhAwAEAIAAAAAAAAAAACH5BAEAAAAALAAAAAADAAQAAAIDhI9WADs="
Alien: Planeta Tierra,https://www.sensacine.com/series/serie-27910/,"data:image/gif;base64,R0lGODlhAwAEAIAAAAAAAAAAACH5BAEAAAAALAAAAAADAAQAAAIDhI9WADs="
Dexter: Resurrection,https://www.sensacine.com/series/serie-37286/,"data:image/gif;base64,R0lGODlhAwAEAIAAAAAAAAAAACH5BAEAAAAALAAAAAADAAQAAAIDhI9WADs="
The Dark Tower,https://www.sensacine.com/series/serie-9771/,"data:image/gif;base64,R0lGODlhAwAEAIAAAAAAAAAAACH5BAEAAAAALAAAAAADAAQAAAIDhI9WADs="
Suits: L.A.,https://www.sensacine.com/series/serie-35365/,"data:image/gif;base64,R0lGODlhAwAEAIAAAAAAAAAAACH5BAEAAAAALAAAAAADAAQAAAIDhI9WADs="
The Big Bang Theory Spin-off,https://www.sensacine.com/series/serie-34377/,"data:image/gif;base64,R0lGODlhAwAEAIAAAAAAAAAAACH5BAEAAAAALAAAAAADAAQAAAIDhI9WADs="
Machos Alfa,https://www.sensacine.com/series/serie-31439/,"data:image/gif;base64,R0lGODlhAwAEAIAAAAAAAAAAACH5BAEAAAAALAAAAAADAAQAAAIDhI9WADs="
El juego del calamar,https://www.sensacine.com/series/serie-29898/,"data:image/gif;base64,R0lGODlhAwAEAIAAAAAAAAAAACH5BAEAAAAALAAAAAADAAQAAAIDhI9WADs="
La que se avecina,https://www.sensacine.com/series/serie-5502/,"data:image/gif;base64,R0lGODlhAwAEAIAAAAAAAAAAACH5BAEAAAAALAAAAAADAAQAAAIDhI9WADs="
Alice in Borderland,https://www.sensacine.com/series/serie-27439/,"data:image/gif;base64,R0lGODlhAwAEAIAAAAAAAAAAACH5BAEAAAAALAAAAAADAAQAAAIDhI9WADs="
Bones,https://www.sensacine.com/series/serie-452/video-19538863/,https://es.web.img3.acsta.net/c_310_420/pictures/14/02/17/11/13/171605.jpg
The Blacklist,https://www.sensacine.com/series/serie-11822/video-19514153/,https://es.web.img3.acsta.net/c_310_420/pictures/210/051/21005165_20130808113654378.jpg
El padrino de Harlem,https://www.sensacine.com/series/serie-22906/video-19562868/,"data:image/gif;base64,R0lGODlhAwAEAIAAAAAAAAAAACH5BAEAAAAALAAAAAADAAQAAAIDhI9WADs="
Caza al culpable,https://www.sensacine.com/series/serie-32289/,"data:image/gif;base64,R0lGODlhAwAEAIAAAAAAAAAAACH5BAEAAAAALAAAAAADAAQAAAIDhI9WADs="
Grimm,https://www.sensacine.com/series/serie-9941/video-19242994/,"data:image/gif;base64,R0lGODlhAwAEAIAAAAAAAAAAACH5BAEAAAAALAAAAAADAAQAAAIDhI9WADs="
Get Millie Black,https://www.sensacine.com/series/serie-30907/video-20612557/,"data:image/gif;base64,R0lGODlhAwAEAIAAAAAAAAAAACH5BAEAAAAALAAAAAADAAQAAAIDhI9WADs="
Tracker,https://www.sensacine.com/series/serie-30064/video-19574280/,"data:image/gif;base64,R0lGODlhAwAEAIAAAAAAAAAAACH5BAEAAAAALAAAAAADAAQAAAIDhI9WADs="
The Sinner,https://www.sensacine.com/series/serie-20976/video-19554858/,"data:image/gif;base64,R0lGODlhAwAEAIAAAAAAAAAAACH5BAEAAAAALAAAAAADAAQAAAIDhI9WADs="
Shetland,https://www.sensacine.com/series/serie-11304/video-19557277/,"data:image/gif;base64,R0lGODlhAwAEAIAAAAAAAAAAACH5BAEAAAAALAAAAAADAAQAAAIDhI9WADs="
Alice Nevers,https://www.sensacine.com/series/serie-741/video-19562087/,"data:image/gif;base64,R0lGODlhAwAEAIAAAAAAAAAAACH5BAEAAAAALAAAAAADAAQAAAIDhI9WADs="
F.B.I.,https://www.sensacine.com/series/serie-23245/video-19558512/,"data:image/gif;base64,R0lGODlhAwAEAIAAAAAAAAAAACH5BAEAAAAALAAAAAADAAQAAAIDhI9WADs="
Cross,https://www.sensacine.com/series/serie-33141/video-20609623/,"data:image/gif;base64,R0lGODlhAwAEAIAAAAAAAAAAACH5BAEAAAAALAAAAAADAAQAAAIDhI9WADs="
El Pingüino,https://www.sensacine.com/series/serie-30084/video-20604843/,"data:image/gif;base64,R0lGODlhAwAEAIAAAAAAAAAAACH5BAEAAAAALAAAAAADAAQAAAIDhI9WADs="
NCIS: Los Ángeles,https://www.sensacine.com/series/serie-5126/video-19566951/,"data:image/gif;base64,R0lGODlhAwAEAIAAAAAAAAAAACH5BAEAAAAALAAAAAADAAQAAAIDhI9WADs="
"Rex, un policía diferente",https://www.sensacine.com/series/serie-3046/,"data:image/gif;base64,R0lGODlhAwAEAIAAAAAAAAAAACH5BAEAAAAALAAAAAADAAQAAAIDhI9WADs="
Peaky Blinders,https://www.sensacine.com/series/serie-11303/,"data:image/gif;base64,R0lGODlhAwAEAIAAAAAAAAAAACH5BAEAAAAALAAAAAADAAQAAAIDhI9WADs="
Hijos de la anarquía,https://www.sensacine.com/series/serie-3859/,"data:image/gif;base64,R0lGODlhAwAEAIAAAAAAAAAAACH5BAEAAAAALAAAAAADAAQAAAIDhI9WADs="
The Wire,https://www.sensacine.com/series/serie-30/,"data:image/gif;base64,R0lGODlhAwAEAIAAAAAAAAAAACH5BAEAAAAALAAAAAADAAQAAAIDhI9WADs="
Sherlock,https://www.sensacine.com/series/serie-4528/,"data:image/gif;base64,R0lGODlhAwAEAIAAAAAAAAAAACH5BAEAAAAALAAAAAADAAQAAAIDhI9WADs="
Better Call Saul,https://www.sensacine.com/series/serie-16950/,"data:image/gif;base64,R0lGODlhAwAEAIAAAAAAAAAAACH5BAEAAAAALAAAAAADAAQAAAIDhI9WADs="
Lucifer,https://www.sensacine.com/series/serie-18145/,"data:image/gif;base64,R0lGODlhAwAEAIAAAAAAAAAAACH5BAEAAAAALAAAAAADAAQAAAIDhI9WADs="
El caballero de los Siete Reinos,https://www.sensacine.com/series/serie-28230/,"data:image/gif;base64,R0lGODlhAwAEAIAAAAAAAAAAACH5BAEAAAAALAAAAAADAAQAAAIDhI9WADs="
Alien: Planeta Tierra,https://www.sensacine.com/series/serie-27910/,"data:image/gif;base64,R0lGODlhAwAEAIAAAAAAAAAAACH5BAEAAAAALAAAAAADAAQAAAIDhI9WADs="
Dexter: Resurrection,https://www.sensacine.com/series/serie-37286/,"data:image/gif;base64,R0lGODlhAwAEAIAAAAAAAAAAACH5BAEAAAAALAAAAAADAAQAAAIDhI9WADs="
The Dark Tower,https://www.sensacine.com/series/serie-9771/,"data:image/gif;base64,R0lGODlhAwAEAIAAAAAAAAAAACH5BAEAAAAALAAAAAADAAQAAAIDhI9WADs="
Suits: L.A.,https://www.sensacine.com/series/serie-35365/,"data:image/gif;base64,R0lGODlhAwAEAIAAAAAAAAAAACH5BAEAAAAALAAAAAADAAQAAAIDhI9WADs="
The Big Bang Theory Spin-off,https://www.sensacine.com/series/serie-34377/,"data:image/gif;base64,R0lGODlhAwAEAIAAAAAAAAAAACH5BAEAAAAALAAAAAADAAQAAAIDhI9WADs="
Machos Alfa,https://www.sensacine.com/series/serie-31439/,"data:image/gif;base64,R0lGODlhAwAEAIAAAAAAAAAAACH5BAEAAAAALAAAAAADAAQAAAIDhI9WADs="
El juego del calamar,https://www.sensacine.com/series/serie-29898/,"data:image/gif;base64,R0lGODlhAwAEAIAAAAAAAAAAACH5BAEAAAAALAAAAAADAAQAAAIDhI9WADs="
La que se avecina,https://www.sensacine.com/series/serie-5502/,"data:image/gif;base64,R0lGODlhAwAEAIAAAAAAAAAAACH5BAEAAAAALAAAAAADAAQAAAIDhI9WADs="
Alice in Borderland,https://www.sensacine.com/series/serie-27439/,"data:image/gif;base64,R0lGODlhAwAEAIAAAAAAAAAAACH5BAEAAAAALAAAAAADAAQAAAIDhI9WADs="
Castle,https://www.sensacine.com/series/serie-4178/video-19547408/,https://es.web.img2.acsta.net/c_310_420/pictures/14/02/24/13/38/392567.jpg
Rapa,https://www.sensacine.com/series/serie-29691/video-19570503/,https://es.web.img3.acsta.net/c_310_420/pictures/22/05/05/15/36/3670053.jpg
Ley y orden,https://www.sensacine.com/series/serie-72/video-19419633/,"data:image/gif;base64,R0lGODlhAwAEAIAAAAAAAAAAACH5BAEAAAAALAAAAAADAAQAAAIDhI9WADs="
Vivir sin permiso,https://www.sensacine.com/series/serie-21947/video-19559804/,"data:image/gif;base64,R0lGODlhAwAEAIAAAAAAAAAAACH5BAEAAAAALAAAAAADAAQAAAIDhI9WADs="
Ludwig,https://www.sensacine.com/series/serie-34762/,"data:image/gif;base64,R0lGODlhAwAEAIAAAAAAAAAAACH5BAEAAAAALAAAAAADAAQAAAIDhI9WADs="
La ley de Lidia Poët,https://www.sensacine.com/series/serie-33642/video-19572297/,"data:image/gif;base64,R0lGODlhAwAEAIAAAAAAAAAAACH5BAEAAAAALAAAAAADAAQAAAIDhI9WADs="
ACI: Alta Capacidad Intelectual,https://www.sensacine.com/series/serie-25616/,"data:image/gif;base64,R0lGODlhAwAEAIAAAAAAAAAAACH5BAEAAAAALAAAAAADAAQAAAIDhI9WADs="
Homeland,https://www.sensacine.com/series/serie-9285/video-19356666/,"data:image/gif;base64,R0lGODlhAwAEAIAAAAAAAAAAACH5BAEAAAAALAAAAAADAAQAAAIDhI9WADs="
Found,https://www.sensacine.com/series/serie-31131/,"data:image/gif;base64,R0lGODlhAwAEAIAAAAAAAAAAACH5BAEAAAAALAAAAAADAAQAAAIDhI9WADs="
The Equalizer,https://www.sensacine.com/series/serie-26152/video-19566706/,"data:image/gif;base64,R0lGODlhAwAEAIAAAAAAAAAAACH5BAEAAAAALAAAAAADAAQAAAIDhI9WADs="
Los misterios de Murdoch,https://www.sensacine.com/series/serie-3919/,"data:image/gif;base64,R0lGODlhAwAEAIAAAAAAAAAAACH5BAEAAAAALAAAAAADAAQAAAIDhI9WADs="
Sherlock,https://www.sensacine.com/series/serie-4528/video-19353104/,"data:image/gif;base64,R0lGODlhAwAEAIAAAAAAAAAAACH5BAEAAAAALAAAAAADAAQAAAIDhI9WADs="
Boardwalk Empire,https://www.sensacine.com/series/serie-4531/video-19552524/,"data:image/gif;base64,R0lGODlhAwAEAIAAAAAAAAAAACH5BAEAAAAALAAAAAADAAQAAAIDhI9WADs="
Ley y Orden: crimen organizado,https://www.sensacine.com/series/serie-26420/video-19568896/,"data:image/gif;base64,R0lGODlhAwAEAIAAAAAAAAAAACH5BAEAAAAALAAAAAADAAQAAAIDhI9WADs="
La caza,https://www.sensacine.com/series/serie-11041/video-19535938/,"data:image/gif;base64,R0lGODlhAwAEAIAAAAAAAAAAACH5BAEAAAAALAAAAAADAAQAAAIDhI9WADs="
Peaky Blinders,https://www.sensacine.com/series/serie-11303/,"data:image/gif;base64,R0lGODlhAwAEAIAAAAAAAAAAACH5BAEAAAAALAAAAAADAAQAAAIDhI9WADs="
Hijos de la anarquía,https://www.sensacine.com/series/serie-3859/,"data:image/gif;base64,R0lGODlhAwAEAIAAAAAAAAAAACH5BAEAAAAALAAAAAADAAQAAAIDhI9WADs="
The Wire,https://www.sensacine.com/series/serie-30/,"data:image/gif;base64,R0lGODlhAwAEAIAAAAAAAAAAACH5BAEAAAAALAAAAAADAAQAAAIDhI9WADs="
Sherlock,https://www.sensacine.com/series/serie-4528/,"data:image/gif;base64,R0lGODlhAwAEAIAAAAAAAAAAACH5BAEAAAAALAAAAAADAAQAAAIDhI9WADs="
Better Call Saul,https://www.sensacine.com/series/serie-16950/,"data:image/gif;base64,R0lGODlhAwAEAIAAAAAAAAAAACH5BAEAAAAALAAAAAADAAQAAAIDhI9WADs="
Lucifer,https://www.sensacine.com/series/serie-18145/,"data:image/gif;base64,R0lGODlhAwAEAIAAAAAAAAAAACH5BAEAAAAALAAAAAADAAQAAAIDhI9WADs="
El caballero de los Siete Reinos,https://www.sensacine.com/series/serie-28230/,"data:image/gif;base64,R0lGODlhAwAEAIAAAAAAAAAAACH5BAEAAAAALAAAAAADAAQAAAIDhI9WADs="
Alien: Planeta Tierra,https://www.sensacine.com/series/serie-27910/,"data:image/gif;base64,R0lGODlhAwAEAIAAAAAAAAAAACH5BAEAAAAALAAAAAADAAQAAAIDhI9WADs="
Dexter: Resurrection,https://www.sensacine.com/series/serie-37286/,"data:image/gif;base64,R0lGODlhAwAEAIAAAAAAAAAAACH5BAEAAAAALAAAAAADAAQAAAIDhI9WADs="
The Dark Tower,https://www.sensacine.com/series/serie-9771/,"data:image/gif;base64,R0lGODlhAwAEAIAAAAAAAAAAACH5BAEAAAAALAAAAAADAAQAAAIDhI9WADs="
Suits: L.A.,https://www.sensacine.com/series/serie-35365/,"data:image/gif;base64,R0lGODlhAwAEAIAAAAAAAAAAACH5BAEAAAAALAAAAAADAAQAAAIDhI9WADs="
The Big Bang Theory Spin-off,https://www.sensacine.com/series/serie-34377/,"data:image/gif;base64,R0lGODlhAwAEAIAAAAAAAAAAACH5BAEAAAAALAAAAAADAAQAAAIDhI9WADs="
Machos Alfa,https://www.sensacine.com/series/serie-31439/,"data:image/gif;base64,R0lGODlhAwAEAIAAAAAAAAAAACH5BAEAAAAALAAAAAADAAQAAAIDhI9WADs="
El juego del calamar,https://www.sensacine.com/series/serie-29898/,"data:image/gif;base64,R0lGODlhAwAEAIAAAAAAAAAAACH5BAEAAAAALAAAAAADAAQAAAIDhI9WADs="
La que se avecina,https://www.sensacine.com/series/serie-5502/,"data:image/gif;base64,R0lGODlhAwAEAIAAAAAAAAAAACH5BAEAAAAALAAAAAADAAQAAAIDhI9WADs="
Alice in Borderland,https://www.sensacine.com/series/serie-27439/,"data:image/gif;base64,R0lGODlhAwAEAIAAAAAAAAAAACH5BAEAAAAALAAAAAADAAQAAAIDhI9WADs="
Hawaii Five-O,https://www.sensacine.com/series/serie-479/,https://es.web.img3.acsta.net/c_310_420/pictures/13/12/10/17/55/583811.jpg
Ley y Orden: crimen organizado,https://www.sensacine.com/series/serie-26420/video-19568896/,https://es.web.img3.acsta.net/c_310_420/pictures/21/10/22/10/01/0723051.jpg
Ferry: La serie,https://www.sensacine.com/series/serie-34987/video-19573808/,"data:image/gif;base64,R0lGODlhAwAEAIAAAAAAAAAAACH5BAEAAAAALAAAAAADAAQAAAIDhI9WADs="
The Gentlemen: La serie,https://www.sensacine.com/series/serie-27403/video-19574608/,"data:image/gif;base64,R0lGODlhAwAEAIAAAAAAAAAAACH5BAEAAAAALAAAAAADAAQAAAIDhI9WADs="
Penny Dreadful,https://www.sensacine.com/series/serie-11787/video-19537875/,"data:image/gif;base64,R0lGODlhAwAEAIAAAAAAAAAAACH5BAEAAAAALAAAAAADAAQAAAIDhI9WADs="
Tándem,https://www.sensacine.com/series/serie-20085/video-19561188/,"data:image/gif;base64,R0lGODlhAwAEAIAAAAAAAAAAACH5BAEAAAAALAAAAAADAAQAAAIDhI9WADs="
Bajo sospecha,https://www.sensacine.com/series/serie-17475/video-19551671/,"data:image/gif;base64,R0lGODlhAwAEAIAAAAAAAAAAACH5BAEAAAAALAAAAAADAAQAAAIDhI9WADs="
Quédate a mi lado,https://www.sensacine.com/series/serie-27552/video-19569411/,"data:image/gif;base64,R0lGODlhAwAEAIAAAAAAAAAAACH5BAEAAAAALAAAAAADAAQAAAIDhI9WADs="
FBI: Internacional,https://www.sensacine.com/series/serie-28504/video-19569750/,"data:image/gif;base64,R0lGODlhAwAEAIAAAAAAAAAAACH5BAEAAAAALAAAAAADAAQAAAIDhI9WADs="
CSI: Nueva York,https://www.sensacine.com/series/serie-232/,"data:image/gif;base64,R0lGODlhAwAEAIAAAAAAAAAAACH5BAEAAAAALAAAAAADAAQAAAIDhI9WADs="
Crimen en el trópico,https://www.sensacine.com/series/serie-25075/video-19570979/,"data:image/gif;base64,R0lGODlhAwAEAIAAAAAAAAAAACH5BAEAAAAALAAAAAADAAQAAAIDhI9WADs="
Goliath,https://www.sensacine.com/series/serie-19491/video-19549403/,"data:image/gif;base64,R0lGODlhAwAEAIAAAAAAAAAAACH5BAEAAAAALAAAAAADAAQAAAIDhI9WADs="
Psych,https://www.sensacine.com/series/serie-847/,"data:image/gif;base64,R0lGODlhAwAEAIAAAAAAAAAAACH5BAEAAAAALAAAAAADAAQAAAIDhI9WADs="
La Caza. Tramuntana,https://www.sensacine.com/series/serie-28192/video-19566661/,"data:image/gif;base64,R0lGODlhAwAEAIAAAAAAAAAAACH5BAEAAAAALAAAAAADAAQAAAIDhI9WADs="
El Chapo,https://www.sensacine.com/series/serie-20603/video-19554578/,"data:image/gif;base64,R0lGODlhAwAEAIAAAAAAAAAAACH5BAEAAAAALAAAAAADAAQAAAIDhI9WADs="
Peaky Blinders,https://www.sensacine.com/series/serie-11303/,"data:image/gif;base64,R0lGODlhAwAEAIAAAAAAAAAAACH5BAEAAAAALAAAAAADAAQAAAIDhI9WADs="
Hijos de la anarquía,https://www.sensacine.com/series/serie-3859/,"data:image/gif;base64,R0lGODlhAwAEAIAAAAAAAAAAACH5BAEAAAAALAAAAAADAAQAAAIDhI9WADs="
The Wire,https://www.sensacine.com/series/serie-30/,"data:image/gif;base64,R0lGODlhAwAEAIAAAAAAAAAAACH5BAEAAAAALAAAAAADAAQAAAIDhI9WADs="
Sherlock,https://www.sensacine.com/series/serie-4528/,"data:image/gif;base64,R0lGODlhAwAEAIAAAAAAAAAAACH5BAEAAAAALAAAAAADAAQAAAIDhI9WADs="
Better Call Saul,https://www.sensacine.com/series/serie-16950/,"data:image/gif;base64,R0lGODlhAwAEAIAAAAAAAAAAACH5BAEAAAAALAAAAAADAAQAAAIDhI9WADs="
Lucifer,https://www.sensacine.com/series/serie-18145/,"data:image/gif;base64,R0lGODlhAwAEAIAAAAAAAAAAACH5BAEAAAAALAAAAAADAAQAAAIDhI9WADs="
El caballero de los Siete Reinos,https://www.sensacine.com/series/serie-28230/,"data:image/gif;base64,R0lGODlhAwAEAIAAAAAAAAAAACH5BAEAAAAALAAAAAADAAQAAAIDhI9WADs="
Alien: Planeta Tierra,https://www.sensacine.com/series/serie-27910/,"data:image/gif;base64,R0lGODlhAwAEAIAAAAAAAAAAACH5BAEAAAAALAAAAAADAAQAAAIDhI9WADs="
Dexter: Resurrection,https://www.sensacine.com/series/serie-37286/,"data:image/gif;base64,R0lGODlhAwAEAIAAAAAAAAAAACH5BAEAAAAALAAAAAADAAQAAAIDhI9WADs="
The Dark Tower,https://www.sensacine.com/series/serie-9771/,"data:image/gif;base64,R0lGODlhAwAEAIAAAAAAAAAAACH5BAEAAAAALAAAAAADAAQAAAIDhI9WADs="
Suits: L.A.,https://www.sensacine.com/series/serie-35365/,"data:image/gif;base64,R0lGODlhAwAEAIAAAAAAAAAAACH5BAEAAAAALAAAAAADAAQAAAIDhI9WADs="
The Big Bang Theory Spin-off,https://www.sensacine.com/series/serie-34377/,"data:image/gif;base64,R0lGODlhAwAEAIAAAAAAAAAAACH5BAEAAAAALAAAAAADAAQAAAIDhI9WADs="
Machos Alfa,https://www.sensacine.com/series/serie-31439/,"data:image/gif;base64,R0lGODlhAwAEAIAAAAAAAAAAACH5BAEAAAAALAAAAAADAAQAAAIDhI9WADs="
El juego del calamar,https://www.sensacine.com/series/serie-29898/,"data:image/gif;base64,R0lGODlhAwAEAIAAAAAAAAAAACH5BAEAAAAALAAAAAADAAQAAAIDhI9WADs="
La que se avecina,https://www.sensacine.com/series/serie-5502/,"data:image/gif;base64,R0lGODlhAwAEAIAAAAAAAAAAACH5BAEAAAAALAAAAAADAAQAAAIDhI9WADs="
Alice in Borderland,https://www.sensacine.com/series/serie-27439/,"data:image/gif;base64,R0lGODlhAwAEAIAAAAAAAAAAACH5BAEAAAAALAAAAAADAAQAAAIDhI9WADs="
